Lesson ID,Concept,Current Visual Approach,Technical Risk/Error,Proposed Truth Fix,Risk Level,Widget,Visualization Type
"1","Birth of Quantum Information","Lesson1QubitVisualizer | bloch_sphere | Show the qubit as a point on the Bloch sphere and let the user toggle between basis labels and amplitude interpretation.","Bloch-only view can hide explicit alpha/beta and relative phase semantics.","Add synchronized (theta,phi) <-> (alpha,beta) panel with probabilities and phase.","Medium","Lesson1QubitVisualizer","bloch_sphere"
"2","Superposition","Lesson2SuperpositionExplorer | bloch_sphere | Animate the qubit moving from the north pole to the equator when the Hadamard gate is applied.","Superposition animation can be read as classical mixture if phase is not explicit.","Show purity/coherence and phase wheel before/after H.","Medium","Lesson2SuperpositionExplorer","bloch_sphere"
"3","Measurement","MeasurementBasic | probability_chart | Let the user adjust amplitudes and watch the resulting measurement probabilities update before triggering a simulated measurement.","Measurement demo hardcodes 50/50 outcomes instead of amplitude-driven Born probabilities.","Drive outcomes from user-defined amplitudes and selected measurement basis.","High","MeasurementBasic","probability_chart"
"4","Entanglement","Lesson4EntanglementVisualizer | circuit_diagram | Show the Bell-state circuit and pair it with a correlation table that updates over repeated measurements.","Correlation table alone can look classically correlated without coherence evidence.","Compare Bell state to classical mixture and include separability witness.","Medium","Lesson4EntanglementVisualizer","circuit_diagram"
"5","Interference","Lesson5InterferenceVisualizer | probability_chart | Show two amplitude arrows that add vectorially, then display how the final measurement probabilities change after the second Hadamard.","Interference concept risks underspecification without explicit relative phase control.","Add phasor-sum view with delta-phi slider and post-mixer probabilities.","Medium","Lesson5InterferenceVisualizer","probability_chart"
"6","Quantum Gates","Lesson6GateSelector | circuit_diagram | Show a small circuit and animate how each gate updates the qubit state step by step.","Gate demo may stay symbolic without matrix/unitary grounding.","Show matrix action and norm preservation check per gate.","Medium","Lesson6GateSelector","circuit_diagram"
"7","Single-Qubit Rotations","Lesson7RotationController | bloch_sphere | Let the user drag a slider for \(\theta\) and watch the qubit rotate around the chosen axis.","Widget text labels |0> as pointing down, conflicting with standard Bloch convention.","Set |0> north pole and |1> south pole; annotate axis convention.","Medium","Lesson7RotationController","bloch_sphere"
"8","Bloch Sphere","Lesson8BlochSphereInteractive | bloch_sphere | Show the state vector, basis axes, and sliders for \(\theta\) and \(\phi\).","Bloch lesson can miss global-phase invariance and physical equivalence.","Add global-phase toggle showing unchanged measurement predictions.","Low-Medium","Lesson8BlochSphereInteractive","bloch_sphere"
"9","Multi-Qubit Systems","ProductStateBuilder | probability_chart | Show how the number of basis states doubles as qubits are added and display joint outcome distributions.","Basis-count growth may omit full amplitude tensor structure.","Render indexed statevector amplitudes with normalization meter.","Medium","ProductStateBuilder","probability_chart"
"10","Tensor Products","Lesson10TensorProductExplainer | circuit_diagram | Display two single-qubit basis states and animate how they combine into a joint basis label.","Tensor product can appear as label concatenation only.","Show explicit Kronecker product numeric examples for states and operators.","Medium","Lesson10TensorProductExplainer","circuit_diagram"
"11","Decoherence","Lesson11DecoherenceSimulator | probability_chart | Show off-diagonal density-matrix terms fading as an environment slider increases dephasing.","Decoherence visuals can blur distinctions between dephasing and damping.","Add density-matrix heatmap and Bloch-radius decay by channel type.","Medium","Lesson11DecoherenceSimulator","probability_chart"
"12","Quantum Noise & Errors","Lesson12NoiseChannelSimulator | probability_chart | Let the user dial up bit-flip and phase-flip probabilities and compare ideal and noisy output distributions.","Noise controls may not explicitly enforce CPTP channel semantics.","Show Kraus representation and trace-preservation check.","Medium","Lesson12NoiseChannelSimulator","probability_chart"
"13","Quantum Channels","Lesson13ChannelVisualizer | probability_chart | Compare an input density matrix with the channel output and show how different channels distort the state.","Channel visuals risk metaphor drift without formal map equation.","Display rho prime equals sum Ek rho Ek dagger with selectable channels.","Medium","Lesson13ChannelVisualizer","probability_chart"
"14","Hamiltonians","Lesson14HamiltonianSimulator | bloch_sphere | Show a state precessing around an axis generated by a chosen Hamiltonian term.","Hamiltonian simulator includes inconsistent Ising eigenvalues and overuses single-qubit visual.","Split single vs two-qubit modes; derive spectrum from actual Hamiltonian matrix.","High","Lesson14HamiltonianSimulator","bloch_sphere"
"15","Eigenstates & Eigenvalues","Lesson15EigenstateAnalyzer | probability_chart | Show operators acting on basis states and highlight when the direction is preserved but the eigenvalue changes sign or phase.","Eigenstate demo can imply purely real/simple spectra only.","Support complex eigenvectors/eigenvalues and basis-dependent measurement link.","Medium","Lesson15EigenstateAnalyzer","probability_chart"
"16","Commutators","CommutatorCalculator | circuit_diagram | Place two gate sequences side by side and show how swapping order changes the state trajectory.","Order-swap demo may not quantify non-commutation strength.","Display commutator matrix AB-BA and norm.","Medium","CommutatorCalculator","circuit_diagram"
"17","Unitary Evolution","UnitaryEvolutionExplorer | bloch_sphere | Animate a state moving along a path and then retracing that path under the inverse unitary.","Unitary evolution intuition may lack explicit reversibility fidelity metric.","Show U dagger U = I and state fidelity after inverse evolution.","Low-Medium","UnitaryEvolutionExplorer","bloch_sphere"
"18","Dirac Notation (Bras & Kets)","BraKetNotationVisualizer | circuit_diagram | Pair bra-ket expressions with state-vector and circuit views so the notation maps to something concrete.","Notation lesson may drift into analogy without strict linear-algebra mapping.","Pair each bra-ket expression with vector/matrix form and operation result.","Medium","BraKetNotationVisualizer","circuit_diagram"
"19","States as Vectors","VectorSpaceExplorer | probability_chart | Show vector components and the resulting measurement probabilities side by side.","Vector lesson can overemphasize real coordinates versus complex amplitudes.","Add complex-plane components and normalization enforcement.","Medium","VectorSpaceExplorer","probability_chart"
"20","Linear Operators & Quantum Gates","OperatorMatrixExplorer | circuit_diagram | Show the state vector and multiply it by operator matrices as each gate is applied.","Operator explorer uses incorrect real Pauli-Y matrix while claiming Hermitian properties.","Implement complex Pauli-Y matrix with proper conjugate transpose logic.","High","OperatorMatrixExplorer","circuit_diagram"
"21","Single-Qubit Rotations (Rx, Ry, Rz)","Lesson7RotationController | bloch_sphere | Show separate X, Y, and Z axis rotations and then the composed trajectory.","Reused rotation widget can hide axis-specific phase effects.","Add per-axis evolution equations and statevector updates for Rx/Ry/Rz.","Medium","Lesson7RotationController","bloch_sphere"
"22","Controlled Gates (CNOT, CZ)","ControlledGateVisualizer | circuit_diagram | Highlight the control wire and show how the target gate turns on only for the relevant basis component.","Controlled-gate logic appears classical trigger-style; CZ phase action underrepresented.","Include superposition inputs and explicit phase evolution on |11> branch.","Medium-High","ControlledGateVisualizer","circuit_diagram"
"23","Multi-Qubit Entangling Operations","EntanglementBuilder | circuit_diagram | Show before-and-after state descriptions and mark the point where separability is lost.","Entangling-operations lesson is mapped to product-state constructor widget.","Use entanglement widget with Schmidt rank and entanglement metric output.","High","EntanglementBuilder","circuit_diagram"
"24","Universal Gate Sets","UniversalGateDecomposer | circuit_diagram | Show how a target unitary is decomposed into repeated use of a small native gate set.","Universality lesson mapped to operator browser instead of decomposition workflow.","Show compilation of target unitary into native universal gate set with error metric.","High","UniversalGateDecomposer","circuit_diagram"
"25","Measurement Theory (Deep)","MeasurementDeep | probability_chart | Toggle the measurement basis and show how the same state yields different outcome distributions.","Deep measurement lesson reuses basic collapse widget and omits basis/POVM depth.","Add basis-rotation measurement and projective vs generalized measurement modes.","High","MeasurementDeep","probability_chart"
"26","Quantum Fourier Transform (QFT)","QuantumFourierTransformDemo | circuit_diagram | Animate the layer-by-layer QFT decomposition and show how phase information is redistributed.","QFT widget is classical DFT-style and includes misleading complexity/speedup claims.","Reframe as quantum basis transform on amplitudes with phase-gradient structure.","High","QuantumFourierTransformDemo","circuit_diagram"
"27","QFT Circuit Implementation","QFTCircuitImplementationDemo | circuit_diagram | Display the QFT circuit with angle labels on the controlled phase rotations and animate the swap reversal.","QFT implementation view can omit explicit per-wire CP-angle semantics.","Render full wire-level decomposition with angle labels pi/2^k and swaps.","Medium-High","QFTCircuitImplementationDemo","circuit_diagram"
"28","Phase Estimation","PhaseEstimationDemo | circuit_diagram | Show phase being accumulated in the control register and then decoded into a binary estimate.","Phase estimation currently approximates by rounding rather than controlled-U powers pipeline.","Model kickback plus inverse QFT with bitwise probability histogram.","Medium-High","PhaseEstimationDemo","circuit_diagram"
"29","Hamiltonian Simulation","TrotterSimulator | circuit_diagram | Show a Hamiltonian broken into terms and animate one Trotter step at a time.","Hamiltonian simulation lesson mapped to generic precession visual, not Trotter dynamics.","Add term-splitting timeline and Trotter error scaling controls.","High","TrotterSimulator","circuit_diagram"
"30","Variational Quantum Eigensolver (VQE)","VQEDemo | probability_chart | Show a feedback loop between a parameter slider, measured energy estimate, and optimizer update.","VQE demo uses toy objective not tied to measured Hamiltonian expectation.","Implement ansatz circuit, shot-based expectation, and optimizer update loop.","High","VQEDemo","probability_chart"
"31","Quantum Approximate Optimization Algorithm (QAOA)","QAOADemo | circuit_diagram | Display alternating cost and mixer layers with parameter sliders for \(\gamma\) and \(\beta\).","QAOA score is heuristic and not computed from cost-H expectation on a graph.","Add graph instance, UC/UB layers, and sampled cut-value distribution.","High","QAOADemo","circuit_diagram"
"32","Quantum Annealing","QuantumAnnealingDemo | probability_chart | Show the energy landscape and how the system is guided from an easy starting Hamiltonian toward the target one.","Annealing success metric is heuristic and may be mistaken for physical prediction.","Show instantaneous spectrum vs schedule and avoided-crossing sensitivity.","Medium-High","QuantumAnnealingDemo","probability_chart"
"33","Adiabatic Quantum Computation","AdiabaticComputationDemo | bloch_sphere | Animate a slow path on the Bloch sphere while displaying the changing Hamiltonian and spectral gap.","Adiabatic checker uses oversimplified runtime rule without coupling term.","Include derivative-coupling factor and explicit failure regime examples.","Medium-High","AdiabaticComputationDemo","bloch_sphere"
"34","Phase Kickback","PhaseKickbackDemo | circuit_diagram | Animate the phase appearing on the control branch after the controlled unitary acts on the target eigenstate.","Kickback demo is good but eigenstate precondition is not enforced visually.","Add target eigenstate selector and non-eigenstate failure case.","Low-Medium","PhaseKickbackDemo","circuit_diagram"
"35","Phase, Amplitude, and Interference (Advanced View)","QuantumPhaseDemo | probability_chart | Show two amplitude arrows adding vectorially after a mixing gate, with sliders for magnitude and relative phase.","Advanced phase demo can under-link phasor intuition to circuit basis-change mechanics.","Add H-Rz-H mini-circuit tied directly to phasor-sum probability output.","Medium","QuantumPhaseDemo","probability_chart"
